Document_No,DSI_Title,Dominant_Topic,Topic_Perc_Contrib,Keywords,Text
0,KS_Doc1_2001 Space Odyssey.txt,4,0.989600003,"movie, disney, india, first, story, computer, original, script, great, movies",spring filmmaker stanley kubrick worried mariner space probe havent discovered intelligence believable evidence anywhere universe effort spacecrafttess designed habitable nearby planetsjust vaulted space aninterstellar asteroidrecently spotted streaking solar system inspected radio signals robot tolisten heart alone story begins million africa bunch bedraggled primates losing battle survival fittest strange black monolith appears thunder sprach zarathustra apemen inspired animals pushing kubrick pivots movie human evolution monolith appears orbit jupiter astronaut named bowman connects subduing neurotic computer murdered shipmates finale bowman space death rebirth returning glowing child float fetus earth poignant history especially relates space cosmos moonthe script future historywas abandoned nixon white house traditional scifi script flipped generation swashbuckling billionaires taken center stage space business class wealthy customers afford indulge services script flipped future history evolution robots taken sacred exploring increasingly sophisticated smaller machines spread world solar systembuzzing rings saturn daring thedark voids beyond plutoandlanding comets scanning heavens planets places dream robots landers orbiters violating skies surface spark legends myths paranoia among whatever lifeforms worse dream physicists likethe stephen hawkingis thatthe universe hologram illusion threedimensional images cosmologists argued inconsistent least mathematically imagine thatthe entire universe computer simulationas matrix movie shadows effect argument removable deformable click interstellar mouse
1,KS_Doc2_Wargames.txt,1,0.995199978,"movie, computer, first, movies, story, disney, world, president, robot, human",writing processor connected computer suntimes error computer observe instruct width flashes margin interesting width computers programmed follow programs illogical conclusions example computer width found narrow reads outsmarted sooner later selfsatisfied sublimely confident thinking machines going planet message wargames scary intelligent thriller films movie starsmatthew broderickthe dugan returns bright school senior spends locked bedroom computer speaks computerese telephone computer school change grades ready bigger reads company introducing computer programs computer random search telephone numbers companys looking number answers computer eventually connects computer unfortunately computer connects belong company belongs defense department mission coordinate early warning systems nuclear deterrents world challenges computer called global thermonuclear warfare cheerfully agrees premise thriller masterstroke movie however easily wrong bogging impenetrable computerese ignoring technical details altogether giving retread wargames neither mistake convinces knows computers knowledge amazingly entertaining thriller claim movie accurate computers convincing described opening gambits reveal watching story unwind pleasures movie cardboard fleshes particular civilian chief computer operation bydabney colemanas weakness simple logic force general charge bybarry corbinas military argues computers final nuclear decisions
2,KS_Doc3_The_Matrix.txt,3,0.996100008,"movie, story, disney, washington, first, movies, human, world, present, jungle",matrix keanu reeves laurence fishburne carrieanne written directed larry wachowski extremely violent extremely preposterous extremely entertaining matrix succeeds extremely difficult tasks exciting virtualreality movie defibrillator keanu reeves screen career using pantheon movie iconography showdowns loves first writingdirecting wachowski brothers larry achieves fantastic hodgepodge symmetry using hacker comedy mindless action thomas anderson reeves talented computer programmer monolithic corporation night unscrupulous hacker tagged brings attention morpheus fishburne mysterious stranger tantalizes morpheus compares lewis carrolls worlds realities offers pills allow continue purportedly allow rabbit movie since pretty didnt kafka meets realizes awful truth morpheus wanted truth darker memorable johnny mnemonic terminal terminator critical aspect films success creation matrix world simulacrum reality people fight wachowskis certain rules reality stick making realm important world reeves accused virtualreality effect acquits nicely lingering stench johnny mnemonic dissipates first moments actually dissipated blown exhilarating opening fight sequence desperate chase trinity sigourney weaver career jumpstarter carrieanne matrix agents evident wachowski brothers effort erotic cranker bound brought extra table someone elses treatment script turned ponderous gorgeous somber affair hacker films blade runner production design award entirely forgetting audience story wachowskis theyre playing blocks building constructing wowfilled flomo bullet special effects gaeta designs paterson knock blocks knock demolishing standard question reality movie action settles matrix standing
3,KS_Doc4_I_Robot.txt,0,0.995800018,"movie, story, first, movies, three, white, world, spotlight, young, human",robot chicago circa spectacular skyscrapers share skyline landmarks sears trump tower tallest buildings belongs robotics floor atrium lobby chief robot designer apparently suicide spooner casewill smithplays spooner chicago police department detective think suicide deepseated mistrust robots despite famous three robotics declare robot human alfred lanning cromwell wrote three schoolchild knows doctor isaac asimov conversation withjohn campbell legendary astounding science fiction peculiar knows especially since based isaac asimov killed filmmakers credit asimov movie spooner movie insults powerful races recklessly badge pulled captain solves crime survives incredible physical adventures exploits accompanied susan calvin bridget moynahan robotics robots human successful movies robots curiously uninvolving individuals hundreds thousands shiny chromium robot personality robot named sonny voiced byalan tudyk advanced standard robot human capable questions question movie profitably sonny feelings close humans movie spooner calvin motion relentlessly human sides overlooked except touching story spooner tells robot logical sonny human andrew robot byrobin williamsin bicentennial based robot story asimov androbert silverberg voice certain poignancy suggests chilly chumminess detail except already robots spooner write tickets three violations robots function giant insects starship troopers video targets since theyre programs although think youcanbe programs microsoft inspired beyond anything robots engender
4,KS_Doc5_Ex_Machina.txt,1,0.937600017,"movie, computer, first, movies, story, disney, world, president, robot, human",recent ofoverlyhyped butultimatelydisappointingscifi efforts genre finally worth getting excited genre filmgoers probably excited first artificial intelligence intelligence machina novelist screenwriteralex garlandsdirectorial debut treads wellworn scifi territory technophobia complexes lethal robots intelligence sophistication underestimates either viewer capacity genre kicks young coder named caleb domhnall gleeson mysterious spend opulent compound nathan oscar isaac fictional internet giant visit caleb meets women nathans assistant lover kyoko sonoya mizuno invention robot named alicia vikander robot confection human hands together sinewy translucent limbs seethrough torso filled blinking lights whirring gears nathan tasks caleb engaging turing yesnamed forthatturing order determine whether artificially intelligent creation think human expect vulnerable young alluring robot billionaire complex locked hightec bunker start horribly wrong nathans claustrophobic underground classic scifi setting spaceship exterior shots filmed location norway forests particularly stunning glacier outer space putting small technological accomplishments context natures splendor blurred relationship organic inorganic effect elegant flesh design crops throughoutex machinato underline notion artificial intelligence inevitable phase evolution vikanders moves robotically curious birdlike quality bright blinking inquisitive tilting machinacertainly theonlysuccessful artificial intelligence vikanders crackling honey voice seductive demeanor comparison toscarlett johanssoninherpretty inevitable whilespike jonzesfilm heartex machinais brimming brains obvious cultural reference scientific disaster robert oppenheimer quoted subtle snippets orchestral manoeuvres darks anthem enola garland camera linger machinas visual punches fully humanoid robot dressed white pausing front klimts iconic portrait margaret stonborough wittgenstein physical violent butex machinais threeway mental battle overblown empty scifi offerings wouldnt prefer chess
5,KS_Doc6_Her.txt,1,0.995899975,"movie, computer, first, movies, story, disney, world, president, robot, human",spike jonzes plays miracle first watching opening shots ofjoaquin phoenixmaking unabashed declaration eternal unseen immediately disarming movie continues viewer learns ordinary theodore checks email pretty daysdirector jonze wrote movies script constructs beguiling cinematic world starts embrace viewer theodores smart phone earpiece different becomes clear sciencefiction nottoodistant distinctly fantastic future futuristic premise stage unusual story highly damaged sensitive breakup marriage friend tells voice message mopey falls artificially intelligent operating system computer movie shows product advertised presumably bought remarkable quantity focuses theos interaction gives female voice female voice gives samantha samantha reorganizing theos files making laugh developing human consciousness samanthas initial interaction interesting troubling depths samantha computer ability process higher speed human understand limited perspective nonartificial playfully observes samanthas programming designed likable assimilation humanitys operating system feeling emotion simulation viewer beguiled peculiarities particularities samanthas growing entanglement living crash course question means human first girlfriend adams getting caught relationship behind estranged husband jonze drops funny hints existence artificial intelligence human society affect society pretty jokes concerning video games creates moments genuinely upsetting heartbreak theos inability understand wrong marriage catherine rooney quite wonderful problematic continuing inadvertent emotional laceration present meeting movie remains engaging genuinely provocative movies youre likely definitely challenging inapt movie
6,KS_Doc7_The Terminator.txt,0,0.995800018,"movie, story, first, movies, three, white, world, spotlight, young, human",newscififranchise launched theatrical debut terminator hollywood reporter merits hoped sequel original doubt arnold schwarzenegger playthe terminator nailbiting orionscifiadventure fromhemdale beefyconanstar first villainous dishes destruction fiendish relish certain neutralize boxoffice competition havoc genuine steel metal movie picture sincethe warrior schwarzenegger plays emotionless cyborg future assassinate young woman linda hamilton unborn child destined become apostapocalypticsaviour tracking michaelbiehn assigned protect terminate terminator outcome struggle eerieflashforwardsto skulllined streets angeles remind rests future world remarkably spare script cameron annehurdgives dimension ageold morality working plenty pointed comment presentovermechanizationinto actionfilm context images talking cameron first major directorial effort proves economical storyteller setting shorts maximum visceral impact cameron abetted greenbergs crisp incisive camerawork markgoldblattsfinetooled editing discreetly bloodshed fidelspulsatinglypersuasive score futuristic landscapes impressively sketched fantasy visual effects group winston provides stopmotion magic recalls rayharryhausen imposing special effect however schwarzenegger outfitted basic black armed teeth stateoftheart weaponry exstrong incarnate bulletpumping presence lends tangible sense menace singlehanded destruction intercity police station certain annals onscreen dastardly deeds schwarzenegger worthy adversary michaelbiehn grimly determined features expressively convey films thematic weight linda hamilton displays tremendous resiliency unsuspecting target engaging support winfield lancehenriksenas harried detectives arnolds movie downright satisfying seeing lovable remorseless heavy hopes streak courseterminator youkirk ellis
7,PP_Doc1_Disneys_New_Mulan.txt,4,0.995999992,"movie, disney, india, first, story, computer, original, script, great, movies",mulan reflection original publication sourcevenue vanity mulan disney action lifeless summary summarizes recent disney movie mulan author calls movie missing magic creativity original disney movie ancient disney tried tricky animated princess musical action movie fight scenes doubt aimed appealing balked beauty beast mermaid balking encouraged plenty encouraged making chinese legend warrior woman mulan fights stead disguised continued halfhearted project diversity adding global shape princess canon directed barry bancroft earned bigness places powerhouse ballad salonga rerecorded christina aguilera first single enduring songs eyepopping mountain battle scene aided confident computer animation invading horde subsumed avalanche stunning stuff handdrawn animation sadly quaint vantage digital without songs silliness original mulan throws comparison classics hundreds swordandsandal films pretty mulan filming zealand china stunning backdrops costumes great martial sequences nicely approximate fluid floating grace wuxia films somehow assets coalesce thrilling whole certainly significant disney chinese actor yifei watching mulan sense triumph representation considered casting finished everything mechanical detail mulan deserves better eager audiences magic applied elsewhere choppy script credited writers flights fancy emotional depth instead hurries basic beats story humble village bound arranged marriage military empire justfine battle sequences dumps gesturing heavily toward impressiveness actually conjured holds scenes barely mulan emblem studio proud offer lukewarm plate inspirational content moving whatever indeed
8,PP_Doc2_Cinderella_Review_Straight-Faced.txt,0,0.994700015,"movie, story, first, movies, three, white, world, spotlight, young, human",cinderella straightfaced sentimentality publication sourcevenue guardian disney cinderella ravishing fairytale oldfashioned summary gives recent cinderella author comments movie stayed original bringing oldfashioned world cinderella first document gives disney classic always fairytale element kenneth directing career question whether tends movies right clock strikes finest fantasy flicks frankenstein cruelly treated charles fabled heroines marvellously russellesque magic flute signally failed showered riches belle boxoffice meanwhile hitchcock pastiche copperbottomed catastrophe stateside sprinkling fairy reprocessed blackandwhite flashbacks turned pauper princess remarkably branagh straw comic strip surprisingly witty blockbuster transformers meets xanadu remarkable movie magic cinderella liveaction reboot enduring animations credits alongside perrault notable straightfaced sentimentality unfashionable absence postenchanted irony maleficent woods unpicked fairytale roots chris screenplay radically antirevisionist refusal rewrite familiar tropes unashamedly oldfashioned world pumpkin coaches glass slippers chimesatmidnight transformations cinders talks friends coalscuttle existence expected burst chorus dream heart resisting modern urban updates branagh returns strange netherworld european folklore disney americana house mouse built sounds fantastically unexciting worldwide opening proves broke instincts entirely money proved problematic gender politics stories downton employing sandy tightly corseted costumes provoking controversy negative images paradoxically reducing performance discussions waistline throwback cinderella enjoy questing actionadventure asskicking heroines brave frozen frozen fever short provides crowdpulling curtainraiser independentspirited critics acknowledged living deathbed mantra courage lonely unimpressed wealth falls prince meets equal ground unimpeded outrides royal defence befriended undaunted spectacular cruelty stepfamily
9,PP_Doc3_Aladdin_Review_This.txt,4,0.996100008,"movie, disney, india, first, story, computer, original, script, great, movies",wished publication sourcevenue times disney aladdin exploitation weird stereotypes summary gives recent aladdin author mentions movie focus profits various brands nothing memorable movie racial cultural stereotypes created various problems cartoon feature robin williams garrulous genie movie second golden animation others durable charms memorable songs liveaction rewhatever smith popping worst product current legacy intellectual property exploitation likely worst others invites simple question answer spoiler alert surprise pointless complain drive wring dollar various brands complain animal sidekicks movie entirely terrible craft purchased pointless particularly aggressive earlier cashgrab strategy protect classic status material managed scarcity lavish reissuing microgeneration viewers initiated fandom ceremony thing passed shiny package polished heirloom special edition limited theaters belonged parents grandparents whether anymore problems approach including preservation tropes images oldfashioned necessarily patriarchal princess stories cultural racial stereotypes thing disney committed meaning synergized evolving social attitudes advancing digital technology concoct series updates surpassed original think jungle poppins recent somber certainly stand alone popular imagination weird grotesque hybrids belonging particular style creative sensibility dishes chain restaurant disparate trends produce flavors alien known earthly cuisine cartoon cartoonlike spaces trade grace animation literalism computergenerated imagery animal sidekicks mischievous monkey loyal tiger malignant parrot neither especially realistic human beings occupying frame alongside partial exception genie people dressed disney dance excruciatingly bright costumes memorably
10,PP_Doc4_Review_Beauty_And.txt,4,0.996100008,"movie, disney, india, first, story, computer, original, script, great, movies",revels enchantment publication sourcevenue times classicism disney familiar enchanted vivid summary reviews disney author praises movie saying retained enchantment classicism present original chosen reviewed disney quote lyric songs familiar elements course rhyme inspired flights nostalgia visual evocations predigital glory busby berkeley harryhausen masters fantastical craft liveactiondigital hybrid directed condon starring watson stevens roles fleshandblood prosthetic furandhorns revival cartoon dutiful popculture fairytale classicism unforced fresh romance neither winks panders moves gracefully leaves clean invigorating aftertaste recognize flavor think means foregone conclusion reanimation beloved properties business nomenclature hollywood often leads zombieism archetypes shocked arrayed garish synthetic modern effects easily happened horrors visited recent wonderland peter wizard disney convincing upgrade model offended animated feature simply existing movie disney revival close perfect singing teapot challenge angela lansbury possible answer thompson potts joined household objects voices briefly faces movie stars stanley tucci audra mcdonald excitable harpsichord operatic wardrobe mcgregor mckellen suave candelabra anxious clock mbatharaw lissome feather duster singing banter vivid natural granted appear mechanical objects clicking whirling physical space sharing frame human disney means villain comical sidekick steal scenes comeuppance gaston evans narcissistic cabbagestomping former soldier adoring lefou gaston sweet belle excitement unambiguous refusals avatar nastiness redemption annoying stirs antiintellectualism xenophobia populist serve egomaniacal residents castle fight humanity stake fairy
11,PP_Doc5_Film_Review_Tim.txt,2,0.995999992,"movie, story, paris, october, first, captain, disney, world, young, dumbo",publication sourcevenue variety disney parable emotional cracked wonderstruck summary reviews disney author comments saying original dumbo viewers feelings twist tells story animal exploited showman image fairytale daydream dumbo elephant longlashed googoo cuddly floppy wings flapping circus flying crowds freedom touching inexplicable purest images movies fourth animated feature white seven dumbo beautiful oddball solidcolored piece stylized americana minutes times silent movie sound effects remarkable dumbo cruelly separated mother primal twist anticipates discover ability minutes movie becomes creature enchanted yearning escape empire state building hoisting bicycle magic ability audience heavenly afterthought tosses sublime leaves flying sequences liveaction reimagining disney classic touch wonderstuck quality dumbo created animatronic digital effects lonely pachyderm impossibly large floppy speaks pleading anthropomorphic keane dialogue slathered clown makeup forced stand towering circus platform humiliation palpable ingesting feather trunk plunges downward moments heart soaring along happysad flights fancy emotional culmination movie start early happen periodically gradually lesser effect bulgy elephant suffused feeling silentmovie clown lofting marvelous image meandering parable attempt corrupt dumbo barnstorming circus scuzzy carny barker medici danny devito bought vandevere keaton entrepreneur silvery ornate organic vandevere believes gobigorgohome school entertainment first theme called dreamland packed rides exhibits chicanery small showman exploiter dumbo deliver cracked glory squeezes wonder packaging
12,PP_Doc6_The_Jungle_Book.txt,3,0.996500015,"movie, story, disney, washington, first, movies, human, world, present, jungle",jungle spectacular revival family favorite publication sourcevenue guardian disney mowgli spectacular witty spirit summary reviews disney jungle author claims movie retains spirit original disney movie comparable original masterpiece author gives praise actors digital rendering storytelling earth remaking great possibly greatest masterpiece glorious animated musical based tales mowgli brought wolves indian jungle famously personal touch furthermore leaves oldfashioned animation behind departing liveaction uncanny valley hyperreal heretically loses songs abandons final unforgettably exotic glimpse reallife human simply create terrifically enjoyable piece oldfashioned storytelling beautifullooking spectacular exciting funny handsomely revives spirit original oldschool family movies animals incredible journey watched weirdly touch jungle nightmare apocalypto perhaps strikingly reimports story elements disney classic jungle influenced first special animals gather round stampede scene feline facial disfigurement newcomer sethi plays mowgli kingsley voices bagheera panther idris tiger shere scarlett johansson hissing snake mesmerist christopher walken voice louie firehungry inevitably pleasingly amusingly murray outstanding vocal notorious ursine slacker pleasureseeker baloo teaches mowgli importance kicking enjoying necessities digital rendering talking animals persuasive creates witty ingenious twists story including development concerning wolfleader akela giancarlo esposito shere creates backstory mowgli explains modestypreserving loincloth musical deployment famous songs necessities wanna natural actually emphatically revives jungle collective allforone ethic strength wolfand strength baloo prefers songs poems calls interestingly first finally sticks neverthetwainshallmeet attitude longterm cohabitation animals posits living together happily loincloth sacrifices bittersweet acknowledgment mowgli romance tremendous success jungle unexpected treat
13,PP_Doc7_Whats_A_Nice.txt,4,0.538699985,"movie, disney, india, first, story, computer, original, script, great, movies",publication sourcevenue times disney nightmarish summary reviews disney wonderland author comments burton turned movie story eliminating personality tumble garish periodically amusing lewis carroll hallucination adventures turned despite burtonian flourishes pinch cruelty mordant animate queen helena bonham porker slides squeal belly aching queen tells wasikowska touch dazed pulse ground rabbit imagination burton contemporary stories curious curiouser turned sights perhaps slitting throats adaptation thought heads whatever inspiration tackled story customary torpor frenzy short glance childhood equally brief present sends first dreamscape unfortunately tricked distracts delights meets grinning lugubrious caterpillar among fantastical creatures sometimes uncle disappointed disney version writer worked project merely plays straight screwball course original evident outrageous creation dreams sequel means straight imagination wonderland mostly serves biller johnny plays hatter bright leaden whimsies since narrative momentum strength probably seemed moments transparent delight material lifts movie carries forward wonderland underland inviting attractive colors often bilious palette turns gunmetal bringing suggestively nightmarish aspect journey steps severed heads stones queen horror bette davis elizabeth reconfigured bobblehead bonham petulant child barbarism wounded woman rocks house movie
14,SW_DOC1_AIRFORCEONE.txt,0,0.996699989,"movie, story, first, movies, three, white, world, spotlight, young, human",force authors janet maslin sourcedate times force nytimescom keywords harrison plane president hijacking glenn close first monograms presidential towels count wolfgang petersens fastpaced redblooded action movie force small niceties aboard presidential plane larger amenity brave tough decent commander chief warmly electable fashion harrison president marshall paragon statesman strong backbone kisses looking waves admirers boarding presidents airplane trouble looking inspiration stops beyond amounts summers enjoyable special effect beyond voyeurism travels force otherwise offers begun routine excitement crazed terrorists midair dogfights desperate struggles staged beside airplanes dialogue bristling manful military authority waste nimitz honestly meant jaded seasons blockbusters unfolded fever pitch presidential hijacking airplane thriller aspect petersen known efficient vigorously muscular action directs galvanizing intensity relentlessness thrills carries surprise seasons hottest looniest gripping adventure remains faceoff luridly audacious despite seals monograms specially presidential blunt highoctane force recalls executive decision scary airborne thrillers plane flight added flourish clancy blush concerning dread return communism russian empire andrew marlowes screenplay begins commando kazakhstan captures scheming dangerous general nearly wordlessly jurgen prochnow leader group radical russians masquerades board force films mustache twirler villain scary oldman rhapsodizes mother russia trying guess president marshall hiding cleverly concealed aboard force movie president contact white house personnel ground turns president united states trouble telephone operators phone batteries anybody meanwhile force confused anything ordinary petersen stages furiously energetic airborne sequences starring painted plays thanks official cooperation united states military hollywood valentine dashing presidential style features blackhawk helicopters cargo planes pieces hardware maintained large corps military personnel numbering payroll
15,SW_DOC2_CLEARANDPRESENTDANGER.txt,3,0.996599972,"movie, story, disney, washington, first, movies, human, world, present, jungle",clear present danger authors desson sourcedate washington august clear present danger washingtonpostcom keywords harrison clancy patriot games october washington america analyst agent colombian cartel clear present danger recurring dream movie third adapted novelist clancys series october patriot games offers usual round situationroom anxiety shady maneuverings washington power corridors secret battles foreign adversaries dependably resourceful second harrison fights truth justice american story analystagent stuck mentor admiral greer dying needs worthy successor hospital acting deputy assuring stern congresswoman lange companys request funds assist colombian government cartels involve troops later realize someone using taxpayers lucre covert military operations infuriated heroes decides colombia straighten movie chuck norris americans prisoner foreign cells treacherous manufacturers abound clear present danger phillip noyce helmed patriot games keeps action crisp varied postjames drugcartel scenario movie entertaining predecessors break screenwriters donald stewart steven zaillian milius completely freshen overfamiliarity government tiptoes congress battle colombian merchants renegade operations deputy henry czerny business mysterious field operatives national security adviser harris yulin running white house nothing wrong movie warmedover business usual counting returnees archer greer third everybody replaying roles movies yulin miguel sandoval emperor called ernesto escobedo donald moffat possibly screens buffoonish president noncomedy others across minimally reworked spymovie cliches stateoftheart hardware slick version airlaunched missile guided partially operative willem dafoe glides colombian target strangelovestyle voicematching software helps finger mistake leaving message victims answering machine dialogue reproduced somewhere dafoe czerny american government wants deputy answers firstterm administration wants second smartaleck banter heard
16,SW_DOC3_CRIMSONTIDE.txt,3,0.995899975,"movie, story, disney, washington, first, movies, human, world, present, jungle",crimson authors desson sourcedate washington crimson washingtonpostcom keywords denzel washington hackman nuclear members russian united states nuclear submarine alabama captain mission submarines always damned crimson starring hackman denzel washington trembling hands clutching nuclearbombing codes sweating crewmembers crossing clocks counting worlds final minutes scenario predictable wimpy ending rebel russian leader seizes missile threatens united states japan american government nuclear submarine major alert monastic choral voices serenade soundtrack warmongering skipper hackman sensitivebutstrong lieutenant commander washington board alabama postreds october submarine propels towards possible outbreak world hackman washington captain bligh fletcher christian conflict naturally element movie washington pulse believes thing loves arabian horses softcentered steeliness appealing bythebook hackman believes russells simple destruction enemy speaking harshly stick usual chuckles dueling ideologies sharper focus electronic message ready hackman needs second bidding enjoyed peace tells beginning mission business second garbled message captain decides course washington destroy world nagging feeling didnt insists finding second message trouble heres radio system phones hackman washington including dzundza viggo mortensen bounced uncertainly belligerency sentimental schiffers script repeddles elements october strangelove mutiny bounty movies reunion scott producers jerry bruckheimer testosteronal beverly hills thunder asked regard russians klingons threat glowing holocaust always involving underwater tussles crimson satisfyingly buffed effort
17,SW_DOC4_HUNTFORREDOCTOBER.txt,2,0.996200025,"movie, story, paris, october, first, captain, disney, world, young, dumbo",october authors vincent canby sourcedate newyork times march reviewsfilm connery captain renegade soviet times nytimescom keywords connery captain soviet submarine october united states sonar captain baldwin clancy russian early october marko ramius connery captain atomicpowered topoftheline soviet submarine named october barehandedly murders fellow officer aboard captain reading armageddon known despondent since grief maniac charge equipped missiles virtually major united states whats worse october hydropropulsion system technological breakthrough allows escape detection sophisticated sonar equipment hotshot sonar engineer difference sounds october mating whales conceivable lunatic captain remain submerged coney island incinerate everything ferris wheel denver mankind pulses pound prepares mctiernans october based clancy suspense novel begins screen effect events portrayed november shortly mikhail gorbachev became leader soviet union nothing happened elegy terrible either world become thoroughly fractured longer possible exactly thems movie lethal hardware simply functions complex among revelations captain ramius quite madman appeared first movies explanation captain lithuanian russian complications accumulate joint chiefs staff washington debate whether captain ramius lanning first assault united states maybe defection audience knows washington dispatches baldwin plucky agent captain scene movie dashes london moscow washington murmansk sequence announced computer script sounds topsecret important ratatats screen october hunted united states soviet fleets russians trying torpedo aboard october atomic reactor verging meltdown saboteur trying destroy vessel within starts mctiernan subtle punches pulled constantly
18,SW_DOC5_INTHELINEOFFIRE.txt,1,0.996100008,"movie, computer, first, movies, story, disney, world, president, robot, human",authors desson sourcedate washington washingtonpostcom keywords clint secret service president veteran assassination california malkovich clint cleaning punks varmints career criminals recent become leathery clings tighter skull furrows irrigate death valley creeping hoary condition better throwaway roles become imbued poignance taking opponents fighting horrible softness aspiring farts huffing puffing presidential limousines brilliant movie thanks frank horrigan veteran secret service agent redemption effortless touching command weathering ravages insults younglion colleagues means catch aspiring taunting assassin malkovich kills increasingly catandmouse movie willing bullet president deepest thematic concern screen watchable great toils sweats juice joust fellow agent russo working field agent haunted assassination tragedy responsible young presidential bodyguard watched happen state shock instead diving front chief executive memories stirred malkovich excruciatingly aware eastwoods guilt teasingly challenges veteran agent killing president psychic second chance malkovich master elusiveness habit rubbing colleagues presidential clients wrong keeps getting pushed action movie progresses highclimax showdown president electioneve speech california reach predictable zenith dramatic exaggeration eastwoods stately watch malkovichs wonderfully imagine william shatner playing bruno strangers train swallow implausibilities malkovich leaves trail bodies stalks president likes tantalize phone riddles threats pearls wisdom tells calls frank eerie familiarity shouldnt thing asserts kennedy death favorite rendezvous death frank playing undercover among clutch dealers suddenly surrounded three armed evasive measures
19,SW_DOC6_PATRIOTGAMES.txt,2,0.443599999,"movie, story, paris, october, first, captain, disney, world, young, dumbo",patriot games authors desson sourcedate washington washingtonpostcom keywords harrison clancy clear present danger october washington america analyst agent irish terrorist london chesapeake bridge spymaster langley given creative recession movies worse patriot games wouldbe blockbuster slavishly follows summer movie guidelines adequately neither poisonous great loses sight mallmovie mandate defend american hearth invincible boytoy bogymen loose adaptation clancy novel author publicly lambasted inactive analyst harrison archer daughter thora birch nuclearfamily target vengeful irish terrorist vacation family london heroically intervenes assassination attempt royal family member melee kills brother megaassassin archer watch backs regard human clean shaving techniques movie flits globe extended climaxes posing story explosion london deadly traffic trouble chesapeake bridge aerial attack north africa scariest tension belfast games indulges geewhiz modern warfare rejoining searches fellow terrorists patrick bergin polly walker satellite surveillance using sophisticated image magnification blade runner identify womans sahara langley watch neutralization enemy spymaster overseas reprisals kindly family dentist performing minor tooth extraction stateoftheart catandmousing parboil vigilante emotions predictable finale stakes become archer intelligent doctor tells husband reaching later trusty family rifle complains shells paramount pictures hoping clancy movies enjoy overlook hyping everything thing beans terrorist outfit breakaway faction operating budget pentagon topoftheline speedboats infrared stormthefortress equipment nasty bombs usual machine access london libyan ships course theyre thick thieves moammar gadhafi phillip noyce gripping thriller earned directorial license knowing assistance scriptwriters donald stewart clancys october peter illif creator ridiculously formulaic break games accomplishes highstakes mission mindless throes summer triumph
20,SW_DOC7_FUGITIVE.txt,4,0.996399999,"movie, disney, india, first, story, computer, original, script, great, movies",fugitive authors desson sourcedate washington august washingtonpostcom keywords harrison tommy doctor covict murder chicago surgeon execution violent death richard kimbles mysterious onearmed assailant killed kimbles wrongful sentencing death murder elements powered series fugitive viewers watched seasons kimble escaped train taking execution crashed searched killer always keeping ahead relentless pursuer gerard climactic final episode aired august odyssey resolution building threeway confrontation among kimble david janssen mystery johnson gerard enjoyed highest number viewers episode television history record lasted whoshotj revelation dallas later thirty first episode movie version fugitive starring harrison tommy making great times passed janssen included excitements fords dilemma remains humanly charged convicted erroneously brutal murder chicago surgeon escapes execution thanks prison buscommuter train collision fights clear avenge evading joness particularly tenacious manhunt certainly fugitive retrofitted contemporary actionmovie standards andrew davis steven seagal movies chuck norris stages train wreck rival operation desert storm demanding escape route requires scrambling labyrinthine sewer tunnels jumping towering fighting chicagos train ducking patricks parade course fighting rooftops intense intelligent heroically obsessed pumped robust physique injecting bullet wound eloquent unlimited personal trainers meanwhile deputy marshall gerard enjoys promotion change series philip gerard overthetop blast hesitationfree perfectionist suffers fools quippingly keeps mystery withheld entertainment purposes sporting stateoftheart prosthetic juggernaut exaggeration momentum thrills without single lapse subtlety fugitive energy perfect orchestration heroism villainy suspense comic relief perfect rider project hangdoghandsome everyman presence personal great along
21,VPD_DOC1_AMELIE.txt,2,0.996100008,"movie, story, paris, october, first, captain, disney, world, young, dumbo",paris light lovers perfect setting jeanpierre jeunets wonderfully charmingamlie plenty heart classic french dictionary definition ordinary woman beautifully freshfaced audrey tautou young woman discretely orchestrates lives people sorting problems discovers strange photo album belonging mathieu kassovitz realises problems details aheadamlie raised apart children father obsessed garden gnomes misdiagnosed heart suicidal person leaping building landed amlies luckless mother killing observes distance death princes diana leads discover hidden rusty young hoarded treasures tracking grown returns overjoyed owner watching secret lifes people happy amusing devises brilliant bringing happiness plays matchmaker lonely tobacconist georgette isabelle nanty local parisian joseph dominique pinon customer jilted witty reclusive father rufus begin onceuponatime dream travelling world stands lucien jamel debbouze clerk working grocers constantly shamed publicly controlling urbain cacellier explores simplicity beauty everything start movie brief particular wonderfully distinctive likes dislikes begin attached progression delight later oddballs rotate relationship shares unusual meets different story although admit consider helpless romantic naturally favourite wasthe story amelie whichmy heart swell story conventional childlike pranks throughout playfully romantic adventure filled great embody charm instead impersonating coupled jeunets direction exquisite paris inviting playground amlies missions kindness reasons movie montmartre lives unreal dream version paris accordion music corner cafes sepia tones panoramic shots supposedly modernday paris jeunet tries create certainly paris
22,VPD_DOC2_EAT_PRAY_LOVE.txt,2,0.995999992,"movie, story, paris, october, first, captain, disney, world, young, dumbo",wanted explore aspect backdrop country traditionally thing writes elizabeth gilbert popular memoireat wanted explore pleasure italy devotion india indonesia balancing therein premise problem witheat least frustrating commafree screen incarnation world exists sprawling fullservice treatment neatly compartmentalized nourish senses spirit heart therapy swing thougheat lovenever loses whiff unexamined firstworld privilege heroine least immerse different cultures rather expecting adapt sunkissed julia roberts undertaken adventure partly experiences loosen visegrip previously maintained aspect tension surfaces journey itinerary defined pitch advance money possible desire truly unmoored liberated essence vacation steps plane events conspire packing feeling shackled domestic situation wanted enters contentious divorce flaky husband billy crudup immediately throws gonowhere rebound fling young nonetootalented actor charming franco affords opportunity manhattan define apart relationship raises obvious rhetorical question reason along personal journey sensual experienceeat lovefalls squarely tradition femmecentered cinematic staycations likeenchanted aprilorunder tuscan sunand certainly transporting watch roberts consume pizza naples drift along crystalline currents coast encounters fascinating seekers travels including prickly texan richard jenkins befriends indian ashram brazilian businessman indonesia javier bardemat devastatingly suave films travelbrochure paradise agreeable companions trouble stuck passes chance process encounters oprahfied nuggets wisdom worst narcissistic guide invites sightseers marvel spectacular vistas cascading waters inside aseat loveis letting habit imposing poppsychological significance encounter suggests controlling
23,VPD_DOC3_MIDNIGHT_IN_PARIS.txt,2,0.995999992,"movie, story, paris, october, first, captain, disney, world, young, dumbo",beguiling stroll paris spring evening wilsons becomes midnight paris represents woody companion piece purple cairo fanciful machine allows indulge playfully artistic paris peoples dreams surefire source gentle amusement audience unlikely connect knowledge paris fitzgeralds hemingway gertrude stein picasso letter light betterthanaverage business writerdirector release expectations certain foreign territories higher happened filmed photogenic foreign locales london match barcelona vicki cristina barcelona stimulated discovering possibilities environment worked paris writer actor whats pussycat section everyone first given royal treatment granted mostly touristic witness voluptuously photographed opening montage famous sites entirely acceptable given leading welloff americans vacation playing alter wilson highly successful hollywood screenwriter young pangs seriously tested novelist entirely right pushy fiance rachel mcadams becomes clear early couple tours inezs friends carol arianda sheen latter insufferable expert cultural inezs parents rightwingers allows sneak party jokes nostalgia denial intones break indulge reveries literary paris fuels creative imagination behold night wandering quiet invited elegant carrying inebriated revelers arriving elegant party shortly company scott zelda fitzgerald porter playing piano later ernest hemingway promises unfinished novel gertrude stein begins flight fancy allows circulate receive measure approval lifelong literary heroes mention giants vastly amusing adrien brody picasso eliot bunuel young american gives premise exterminating angel important meets beauteous adriana marion cotillard
24,VPD_DOC4_THE_BEST_EXOTIC_MARIGOLD_HOTEL.txt,4,0.995400012,"movie, disney, india, first, story, computer, original, script, great, movies",feelgood movie rajasthan india india resist knocked right exotic marigold hotel narrator evelyn greenslade luminous dench seven british retirees travel jaipur rajasthan india restored luxury hotel elderly predictably expectations hotel shambles future doubt predictably challenges thrown unexpected country unhappy ainslie penelope wilton recoils india retreats seething negativity reaction among people quite often india unfortunately experienced india travellers light colours smiles people privilege right answers retired court judge graham dashwood wilkinson liked movie expected reasons expected portrayal india expected direction madden directed shakespeare thought patel slumdog millionaire clownish number cultural missteps drove movie buddy delhi wanted especially mention broken landline phone india landline anymore scene patel girlfriend public india especially traditional rajasthan liked least sloppy script direction script needs rewrite writer originality slowed rushed contrived flesh ending especially seemed slapdash liked movie effect india superb acting topic aging explored mostly dench thought jaipur movie dench veteran actors someone rotten tomatoes talented british actors movie giving master class wilkinson maggie smith nighy particularly stand denchs course longer great illusion youth blossoms india quite losing husband incredibly inspiring
25,VPD_DOC5_THE_SECRET_LIFE_OF_WALTER_MITTY.txt,3,0.995899975,"movie, story, disney, washington, first, movies, human, world, present, jungle",existing somewhere saccharine sublime directorstar stillers retelling secret walter mitty earnest entirely effective fable escaping doldrums daily seizing change loosely based short story thurber previously produced screen starring danny stillers adaptation depicts forgettable leading humdrum routine walters elaborate daydreams involve fantasies action romantic explorer reality relentlessly helpful eharmony center voiced patton oswalt tries online profile views walter hopes catch attention cheryl kristen coworker eharmony walters antiquated profession involves handling cataloguing photo negatives magazine digital finally caught venerable publication century owners bearded scott likewise bearded minions scuttling print edition moving entire operation online layoffs imminent walter tasked providing bosses photo grace lifes final print edition taken legendary photojournalist oconnell extended cameo shoots heres problem negative photo question missing walter fearful decides track oconnell greenland photo least answers since oconnell phone usually ensuing journey walter start adventures fantasized films problems protagonists secret bearing truly wants heart cheryl privy actual derringdo overseas seeing changed confident presentablelooking returns adventures confidence membership beach fantasies amusing watch remarkably shortlived theyre basically vignettes first walter hiking skateboarding greenland iceland later himalayas stakes remarkably story involving fantasy globetrotting basically wants woman cubicle across office finding photo negative different image final cover nothing grand scheme
26,VPD_DOC6_THE_BUCKET_LIST.txt,3,0.931200027,"movie, story, disney, washington, first, movies, human, world, present, jungle",bucket movie codgers nothing people suffering cancer nothing cancer setting adventures nothing possible urgently advise hospitals available patients outbreak bedpans thrown screens opens voiceover narration morgan freeman extolling saintly virtues white person deserves reverence voice wonderment speaks greatness worked shawshank redemption million dollar talking nicholson lovability strong nicholson enormously diagnosed cancer given sharing freeman prognosis billionaire private hospital policy patients double didnt among countless details movie wrong hospitals lotsa profits offering private rooms concierge service roommates first wrong bonding turns bucket kicks bucket embraces announces money treats aroundtheworld private airplane itinerary right visit pyramids mahal french riviera himalayas faithfully married loving virginia beverly remarkably restrained seeing dying husband madcap folly wives butterfly divorces restraints plenty regrets generosity egotism selfishness imposition goofy behavior somehow redemptive perhaps movies weirdest fantasy meanwhile codgers pseudoprofound conversations meaning carters superior humanity begins irascible movie directed reiner written justin zackham optimistic indeed nothing serious illness bring sitcom cliches chemo endure cancer believe convalescence surgery bucket climbing himalaya
27,VPD_DOC7_TO_ROME_WITH_LOVE.txt,1,0.996399999,"movie, computer, first, movies, story, disney, world, president, robot, human",frisky frivolous woody serves comical vignettes intercut otherwise unrelated latest directors breezy romantic locales refreshing somewhat superficial backdrop various broad caricatures american italian contend semisurreal complications private lives eternal pleasantly diverting nonetoostrenuous arthouse excursion throwback shortstory anthologies added pleasure seeing along already earned million italy opened april criticized abandoning spend sunset traipsing worlds beautiful cities truth consistently prolific septuagenarian delighting wider audience recent visits london match barcelona vicky cristina barcelona paris midnight paris topgrossing standard complaint making movies pseudointellectuals derided multihyphenates lifelong preoccupation death necessarily become profound nearer instead increasingly relaxed determined stranger chuckle attitude borne relatively casual roman holiday appears stories jerry successful version retired opera anxious hasnt jerry davis future soninlaw michelangelo loves flavio parenti jerry views young virus daughter alison contracted summer vacation overhears michelangelos fabio armiliato singing shower inspiring sidetrack wedding plans favor selfcentered scheme stage opera untrained discovery hilarious hitch films americansabroad chapter successful architect baldwin picture latelife security happily coupled architecture student younger jesse eisenberg actor woody movie naive greta gerwig invites admittedly seductive ellen baldwins hovers watching knowing experience inevitable however cliched hands situation yields fresh laughs although interesting spirit gerwig hypercalculated roles remaining stories drift selfportraiture toward light satire recruits italian thesps penelope local stereotypes first newlywed couple alessandro tiberi alessandra mastronardi separated business meeting series coincidences spends afternoon movie antonio albanese husband stuck presenting prostitute
28,YF_Doc1_Hidden_Figures.txt,0,0.996200025,"movie, story, first, movies, three, white, world, spotlight, young, human",racial segregation workplace sexism widely accepted facts referred person machine gigantic mainframe appear movie probably powerful phone pocket important computers three africanamerican women headquarters hampton assigned entry denied recognition promotion crucial roles american space program movies overcoming racism offers belated acknowledgment bravery talent overdue reckoning movies realworld breakthroughs content within established conventions story viewers manner familiar youngest start three principals struggles agency scrambling astronaut orbit katherine goble central hidden figure mathematical prodigy perfect charisma taraji henson katherine plucked computing assigned calculate launch coordinates trajectory atlas rocket receives welcome particularly engineer named stafford parsons spared indignities facing black woman racially segregated genderstratified workplace bathroom allowed distant building horrifies coworkers helps coffee dorothy octavia spencer janelle mone discrimination dorothy charge several dozen computers repeatedly denied promotion supervisor treated condescension immediate kirsten dunst polishborn engineer krupa works enlightened brick tries graduatelevel physics courses effectively conveys poisonous normalcy white supremacy determination pursue ambitions spite normal lives shadow racism depend viciousness virtue individual white people white treated heroes deciding behave decently however singled commendation glenn portrayed powell natural democrat racial hierarchies harrison group success mission important color fascinating timely companion virginia couple challenged interracial marriage struck supreme court movies state focus quiet dramas history forward introduce people known earlier outrage persistence injustice gratitude toward stand
29,YF_Doc2_The_Imitation_Game.txt,3,0.988399982,"movie, story, disney, washington, first, movies, human, world, present, jungle",imitation highly conventional movie profoundly unusual entirely thing tragically shortened complex fascinating story bristling ideas presentday implications benefits streamlined structure accessible presentation modern prestige cinema science difficult emotions clear emphatic truth history respected engrossing drama turing biopic welcome thing decisive contribution breaking enigma allied forces intelligence advantage helped defeat germany extent wartime secret secret homosexuality revealed arrested indecency charges caught climate homophobia political paranoia subjected pseudoscientific cruelty british judicial system turing somewhere autism spectrum socially awkward intellectually agile perceive patterns invisible others stranded desert literal jokes sarcasm register colleagues going turing hears trivial statement rather friendly invitation imitation derives amusement friction prevailing culture native notion britain inaccurate hugely insightful understatement indirection steadfast obedience norms behavior fiercely logical arbitrary incomprehensible bletchley country estate teams linguists mathematicians working military supervision break enigma stubborn arrogant bletchley commander denniston charles dance insufferable alexander matthew goode suave clever playboy enigma project turing offscreen assist winston churchill displaces fundamentally imitation parable disruption provides origin digital projects ideology present turing eccentric visionary stuck organization bureaucratic hierarchical wedded tradition apostle innovation commander denniston lectures importance discipline chain effort solving enigma decisively rebuts oldfashioned notion strategic acumen generals tactical valor soldiers incidental heroes woman worked snacked freely fiddled crossword puzzles geeked piece hardware looked giant bletchley serves prototype corporate campuses apple google facebook radical counterintuitive daring inspired excavation hidden history present instead shiny hollow conventional wisdom perfect stale
30,YF_Doc3_Argo.txt,0,0.996800005,"movie, story, first, movies, three, white, world, spotlight, young, human",smart jittery thriller freakish littleknown chapter iranian hostage crisis hollywood producer history starts farce tragedy someone rightly points backward professional dissembler knows better revolutionary shock troops seized united states embassy turned crisis gripping political theater watched entire world tomorrow america trial special guest ayatollah khomeini producer knows historical events alone lights camera action turning history farce probably antonio mendez central intelligence agency officer tapped state department employees stranded tehran revolutionary forces overrunning embassy taking hostages including women americans undetected eventually safety including canadian house staying hidden sixth escapee state department president struggled ferry mendez wizard disguise cover story escapees improbably stuck canadian movie american lives stake situation contemporary viewers familiar opening movie history archival imagery rushes jarring unsettling craziness cinematic whoosh faster skittish stage convincing youarethere recreations jumps forth chanting exultant iranian protesters outside embassy freakedout americans inside affleck working master wired magazine great journalist joshuah bearman embellishes official story without eviscerating given great premise sense stick official record series photographs hostage crisis juxtaposed stills movie close affleck evidence production clearly facial oversize glasses collars earthtoned threads shrewdly visually transmits escalating claustrophobia confinement billowing cigarette smoke small rooms limited palette shallow depth field hollywood angle brings lightness levity movie serving comic relief affleck contrapuntally increasingly tense perilous situation tehran scenes mendez swanning angeles across rooftop party beverly hilton studio chambers siegel enjoyably preposterous hollywood veterans knowingly observe certain kinship spectacle putting iranian revolutionaries staged budget aside selling story roles persuasively escapees nicely duvall donovan scoot mcnairy cochrane christopher denham kerry bish learn
31,YF_Doc4_Snowden.txt,1,0.996200025,"movie, computer, first, movies, story, disney, world, president, robot, human",oliver quiet crisply drawn portrait celebrated whistleblower belongs curious subgenre movies recent historical events reversing usual pattern described fictional feature laura oscarwinning documentary former national security agency contractor snowden context career return departure stone circles grand questions power secrecy propelled ambitious familiar oliver stone joseph gordonlevitt leaning vocal imitation presented disillusioned idealist serious young experiences doubt accepted truths question wisdom authority common garrison kovic fourth chris taylor charlie sheen young hurry falls antithetical father figures silky apparatchik ifans unbuttoned renegade nicolas drawn intelligence sincere desire serve country immune attractions likes intrigue money especially becomes private contractor feeling select group insiders nerdy aspect phlegmatic manner drink chases skirt girlfriend lindsay mills shailene woodley standards strikingly sober restraint shows filmmaking politics bravura visual flights conspiracy mongering rational ethical creature favorite movie pains reasonable maybe stone mellowed maybe world caught paranoia electronic appliances spying nowadays blunt realism physical world bloody sexinfused battleground previous stone heroes raged fought displaced abstract codes algorithms passes realm injury career united states ranger serve doctor tells bosses explaining waged computer cellular networks stone served cinematographer digital wizard anthony mantle composers craig armstrong peters evokes chilly colorations spooky undertones technological reality hotel meets poitras melissa journalists glenn greenwald zachary quinto macaskill wilkinson eerie futuristic workplaces geneva tokyo hives glowing screens whispered jargon
32,YF_Doc5_The_Revenant.txt,4,0.995800018,"movie, disney, india, first, story, computer, original, script, great, movies",movie partly based revenant novel historical adventure punke inspired glass glass signed rocky mountain company expedition upper missouri river arikara indians attacked group sometime later mauled grizzly protecting killed glass instead failure along frontier skills strangers indestructible romance american turned mountain legend inspiration various accounts including booklength exactly savage issue scrawled french spells scene everyone irritu likes themes given subtlety shocker image instance feature debut expresses talent finding indelible cinematic underscores penchant overstatement multistranded stories helped repopularize includes murder capped vision human blood spilled griddle moment illustration sensibility blood splatter sizzles filmmaking swagger thought artfully boiling blood watching butchered animals muddled ideas heartskippingly natural landscapes moment moment visual narrative sizzle moments ghastly grand arrow piercing throat beatific beloved scooping innards fallen horse enveloping softness light moment special whether gurgle blood throat perfectly lighted sheen offal irritu blows moves material mystical tries elevate story spiritual repeated images spiral flash homespun magical realism worse glass helpless witness murder standin genocide indians proxy victim catastrophe disappointing movie offers actually points foundation story emerges companions fitzgerald hardy tries fails labor learns system turns people animals commodities rigged simple facts system brutal ambitions movie system nevertheless helped build nation
33,YF_Doc6_Lincoln.txt,0,0.995800018,"movie, story, first, movies, three, white, world, spotlight, young, human",brutal kinetic beginning scene muddy handtohand combat evokes opening private settles familiar pageantry speechifying costume drama flock firstrate actors parades heavy woolen plumage smaller plainer america century evoked brownish chiaroscuro janusz cinematography brick production design important facial young beard farmers brooklyn tears business framed gettysburg address quoted president union soldiers january night second inaugural address delivered month civil assassination famous momentous events spielberg kushner wellknown story fresh surprising daylewis convey human particularity greatness among familiar enigmatic american leaders carry pockets argue wonder legal ideological questions surrounding become spoiler alert slept school history amendment constitution crisply cogently illustrated lincoln decided ratification right necessary thing party together handful votes lameduck democratic congressmen question facing lincoln stark abolish slavery means prolonging weight scale dilemma central lesson grasp places slavery center story emphatically countering revisionist tendency abstract thing rights southern culture industrial capitalism cause civil white notable vital exceptions stephen henderson gloria reuben household servants finally movie difficult costly united states recognize equal humanity black people story muchnoted fondness multiple denouements evidence least moments narrative themes arrived moving quiet scene amendment aloud movie keeps going building symphony tragedy celebrates great triumph acknowledging terror disappointment complications
34,YF_Doc7_The_Fifth_Estate.txt,1,0.996699989,"movie, computer, first, movies, story, disney, world, president, robot, human",assange published hundreds thousands classified documents exposing secrets governments banks powerful institutions figure inspires strong feelings including ambivalence intense devotion admirers digital personality disdain condescension critics often defensive clueless fifth tries harness righteous transgressive thrill wikileaks project cautionary finger appears story flashing pivotal moment assange colleagues preparing publish cache diplomatic cables traces admiration disillusionment charts relationship assange daniel domscheitberg daniel brhl german hacker joined wikileaks later wrote books condon singer daniel initially impressed courage idealism dazzled charisma leapfrogging sleeping couches living backpack assange cyberanarchist cleanshaven silverhaired wizard kingdom scruffy suspicious authority committed truthtelling instinctively drawn underdog shows tendencies toward paranoia monomania rudeness laptops power cords bursts daniel girlfriend alicia vikander trying enjoy quiet moment brings recruits threaten special position incidentally transformative effect practice journalism entering mutually beneficial sometimes awkward alliances publications spiegel guardian times wikileaks exposes shady dealings international publishes video killing civilians afghanistan fifth becomes swift rousing global thriller energy velocity recall better movies flurry supporting performances always excellent david thewlis deserves mention brooding fidgety portrayal guardian reporter davies geopolitics newsbreaking tangled psychodrama movie loses focus energy subplots tangential themes proliferate squatter apartments newsrooms government offices laura linney stanley tucci anthony mackie worry diplomatic contacts picture grows fuzzier vital questions wants raise privacy transparency security muddier blame internet nearly movie tries confront elusive pervasive force quickly loses track talking challenge conveying screen special intensity online formidable clicking dragging pallor faces illuminated glowing plasma always growing slowly shows downloaded visual clichs available tools
35,SD_12 years a slave.docx,4,0.996100008,"movie, disney, india, first, story, computer, original, script, great, movies",slave django unchained daniels butler informed shameful legacy slavery institutionalized injustice america think satisfied quota viewing incidents racial hatred sexual abuse brutality wrong boxoffice critical successes offered compensation heavy subject matter outbreaks humor attitude slave somber meditative poetic delivers horrors bondage stripped headon history presented personal immediate relying scholarly works court records amistad source firsthand account based bestselling memoir written solomon northup black upstate suddenly liberty kidnapped slave labor louisiana django butler slaps inequality punch pastoral passages southern skies framed gnarled limbs adorned spanish exist merely placeholder viewers catch breath theyve witnessed gibson unbearable whipping scene passion christ standard graphic cinematic punishment aghast envious british steve mcqueen ensures audience palpably fleshripping agony lashing beating screen underscoring commonplace disturbing scene workers daily routine struggles hours dangling tippytoes trying succumb noose aptly unsettling sometimes discordant soundtrack zimmer reminiscent strong inception different effect precious miraculous gabourey sidibe watching didnt solemnly powerful chiwetel eijofor provides reason averting british stage veteran nigerian parents first caught publics attention dirty pretty quietly simmering primarily supporting roles imagine slave without expressions forced sublimate nature order survive whole scripts worth dialogue three features mcqueen established auteurship unflinching tackler difficult subjects humanistic discomfort cinema debut hunger plunged depths dedication despair among prisoners engaged irish hunger strike
36,SD_Birdman.docx,2,0.995800018,"movie, story, paris, october, first, captain, disney, world, young, dumbo",birdman unexpected virtue ignorance first keaton tightywhities behind formerly highflying movie sitting lotus position dressing historic broadway theatre levitating ground bathed sunlight streaming window peaceful voice inside growling grumbling gnawing grotesquely matters large small keaton tightywhities dashing frantically times square night accidentally locked theatre middle performance raymond carver production stars wrote directed swimming upstream river gawking tourists autograph seekers carts street performers despite chaos surrounds purposeful driven first content extremes alejandro inarritu navigates audacious ambition spectacular skill unexpected virtue technically astounding emotionally intimate enormous biting satirical sweet first inarritu ponderous downers actually complete blast start finish gimmick doozy works inarritu created sensation watching twohour working brilliant inventive cinematographer emmanuel lubezki oscar shooting close friend fellow mexican alfonso cuaron inarritu constructed delicate dazzling highwire indeed shooting began photo philippe petit walking tightrope world trade center towers inspiration impossibly intricately choreographed tracking shots camera swoops narrow corridors tight stairways crowded streets close quiet conversations soars skyscrapers magicalrealism flights fancy percussive propulsive score antonio sanchez heavy drums cymbals maintains jazzy throughout closely probably happened enjoyment succumbing thrill experience whole thrilling tourdeforce performance keaton lifetime riggan thompson washedup actor trying regain former glory achieved winged action birdman
37,SD_Green Book.docx,0,0.995500028,"movie, story, first, movies, three, white, world, spotlight, young, human",green formula course white polar opposite backgrounds wildly contrasting personalities thrown together unusual circumstances learn change better discover different driving across american south contains multiple formulas mismatchedbuddy movie message relations arriving theaters height awards season holidays better least brief glimmer period political ideological division added bonus happens inspired story damned beautifully nearly entirety hourplus running oldfashioned filmmaking studios offer anymore glossy zippy gliding along surface deeply emotional complex issues dipping taste actual substance enjoyability completely starring performances excellent viggo mortensen mahershala actors imbue roles precision pathos nuance within familiar types individually share spirited chemistry watch together start finish beginning exactly specific moments going surprised learn conventional piece classy inspirational filmmaking cowriter peter farrelly longtime standard bearer lowbrow comedy alongside brother bobby opportunity direct departure woefully underappreciated bowling comedy features quite sorts oppositesonaroadtrip themes possibility unexpected friendship underlying decent frequently exists beneath grossout bodily fluids bread butter decades certainly heart racial daisy nearly handful oscars including picture features white serving valet muscle allaround problem black entirely white savior moments offer instances rescuing travel guide restaurants motels blacks allowed frequent segregated south
38,SD_Moonlight.docx,0,0.994599998,"movie, story, first, movies, three, white, world, spotlight, young, human",moonlight dramatic fascinated issues identity rarely explored degree eloquence heartbreaking beauty barry jenkins masterful essential american films lyrical deeply grounded balancing breathtaking behold pieces filmmaking stays completely focused feeling dealing universal themes identity sexuality family masculinity preachy moralizing movie complex themes reflected first foremost confident single aspect critic performance choice piece music livedin movies wrong climaxes scene twists dialogue single scenes protagonist reflects conflicted fluid masculinity young africanamerican united states presented divided three three names refer person follow childhood adolescence adulthood trouble figuring world articulated three separate allremarkable actors starts chiron referred bullies hibbert youngster running trying boarded apartment found mahershala careerbest local dealer bringing meets partner teresa janelle mone makeshift family mother paula naomie harris happens clients becomes father figure relationship sound predictable chiron wants quiet provides product ruining jumps chiron teenager dealing intense bullying questions sexuality everyone claims sleeping young chiron ashton sanders struggles especially semblance normal
39,SD_Parasite.docx,0,0.931900024,"movie, story, first, movies, three, white, world, spotlight, young, human",parasite clichd critical conversation season festivals movie quite statement become overused degree impossible taken seriously major movies gifted mword masterpiece critics convey truly unexpectedly brilliantly unpredictable revelatory actual critics crying especially twists turns writing spoiler warnings needed joonho unquestionably films trust several films class including snowpiercer daring examination structural inequity define world tonal juggling first comedy manners bounces group lovable artists wealthy family awkward eccentrics right watching sends hurtling bloodshed world second daring narratively constantly threatens convoluted holds together result breathtaking kiwoo woosik family poverty pizza boxes delivery company steal coffee nearby leave windows neighborhood fumigated infestation changes friend offers recommend english tutor working friend country friend young tutor trusts kiwoo given learn valid question young changes kevin begins tutoring dahye immediately falls course kevin deeper going whole family house quickly convinces mother yeonkyo excellent yeojeong house needs tutor allows sister sodam enter picture house everything going perfectly family parks happy everything
40,SD_Shape Of Water.docx,4,0.833599985,"movie, disney, india, first, story, computer, original, script, great, movies",shape water whales bride frankenstein monster boris karloff mournfully alone friend guillermo toros latest shape water loneliness different shape water cohere fairy promised dreamy opening points jackhammer wielding symbols blaring swooning romanticism silly moving depending perspective found starts wavering green underwater world woman floating drowned atlantis image otherworldly magical alexandre desplats score wistful bittersweet richard jenkins narrates asking helplessly spoke happened princess without voice princess without voice turns elisa sally hawkins floors cavernous underground tunnels baltimorebased corporation towering letters entrance working alongside elisa zelda octavia spencer provides constant running commentary responding elisas language torrent background space honcho company sadist racist named strickland shannon swaggers carrying cattle calls alabama howdeedo whatever corporation secret everyone paranoid russians especially asset arrives portable asset amphibian discovered amazon worshiped contained enduring occasional torture stricklands howdeedo scientist hoffstetler stuhlbarg pleads mercy creatures behalf amphibian studied destroyed meanwhile elisa drawn monster begins secret campaign trust offers hardboiled plays benny goodman records teaches language courtship sequence successful calling stunning first black stallion shipwrecked attempts horse early sequences child alien start communicate monster movie references abound throughout shape water creature black lagoon starman cocteaus beauty beast scene particular explicit homage production designer austerberry field creating multiple atmospherically worlds smell basement corridors
41,SD_Spotlight.docx,0,0.996100008,"movie, story, first, movies, three, white, world, spotlight, young, human",spotlight january boston globe subscribers picked local paper front headline church allowed abuse priest story written rezendes reporter investigative spotlight massive wordcount impact beginning spotlight stories topic follow uproar spotlight stories boston phoenix alternative weekly covered church sexual abuse didnt circulation globe sustained december cardinal bernard archbishop boston stepped disgrace saying statement suffered shortcomings mistakes apologize forgiveness position remains spotlight pulitzer prize reporting events familiar everyone first spotlight stories painfully familiar boston catholics family boston irishcatholic first story dominate everyones conversations since september months prior mccarthys superb spotlight cowritten mccarthy singer story investigation spotlight great newspaper movie oldschool model calling obvious comparisons presidents zodiac movies similar devotion sometimes crushingly boring gumshoe reportage grant rosalind russell shouting adjacent phones friday moment spotlight image presses printing edition carries church abuse story scene rigueur newspaper movies borders cliche spotlight moment intense emotion truth edition describes wound psyche millions spotlight walter robby robinson keaton three reporters rezendes ruffalo sacha pfeiffer rachel mcadams matty carroll brian darcy slattery plays globe managing deputy bradlee reporters locals everyone connection catholic church referred church marty schreiber board perceived outsider boston first boning devouring curse bambino initial meeting robby brings recent piece globe columnist boston archdioceses potentially shady handling various abuse cases suggests story perfect spotlight
